net,kode_stasiun
IA,AAFM
IA,AAI
IA,AAII
IA,ABJI
IA,ABSM
IA,ACBM
IA,ACJM
IA,ALKI
IA,ALTI
IA,AMGI
IA,AMGS
IA,AMPM
IA,ANAN
IA,ANAPI
IA,APSI
IA,APSR
IA,APSSI
IA,ARKPI
IA,ARMI
IA,ARPI
IA,ARSKI
IA,ASJR
IA,ASSR
IA,ASTTI
IA,ATJN
IA,ATKTI
IA,ATNI
IA,AUSN
IA,BACE
IA,BAHA
IA,BAJI
IA,BAKI
IA,BAL00
IA,BAL01
IA,BAL02
IA,BALB
IA,BALE
IA,BALEB
IA,BAPJI
IA,BASAI
IA,BASI
IA,BASN
IA,BASO
IA,BATI
IA,BATPI
IA,BB01
IA,BB02
IA,BB03
IA,BB04
IA,BB05
IA,BB06
IA,BB07
IA,BB08
IA,BB09
IA,BB10
IA,BBA01
IA,BBA02
IA,BBBCM
IA,BBBR
IA,BBCI
IA,BBCM
IA,BBJI
IA,BBJM
IA,BBJN
IA,BBJR
IA,BBKI
IA,BBLSI
IA,BBSI
IA,BBSN
IA,BBSR
IA,BCJN
IA,BCSN
IA,BDBI
IA,BDCM
IA,BDMI
IA,BDMUI
IA,BEFA
IA,BEKI
IA,BEPA
IA,BESI
IA,BESM
IA,BGASI
IA,BGCI
IA,BGCM
IA,BGKI
IA,BHCM
IA,BJI
IA,BJK00
IA,BJK02
IA,BJK03
IA,BJK05
IA,BJK07
IA,BJK08
IA,BJK10
IA,BJK11
IA,BJK12
IA,BJMI
IA,BKASI
IA,BKB
IA,BKJI
IA,BKNI
IA,BKSI
IA,BLCM
IA,BLJI
IA,BLJR
IA,BLSI
IA,BLSM
IA,BLSN
IA,BMASI
IA,BMBNG
IA,BMJR
IA,BMNI
IA,BMPI
IA,BMSI
IA,BNDI
IA,BNSI
IA,BNSN
IA,BNTI
IA,BOJI
IA,BOSM
IA,BPJI
IA,BPMJM
IA,BPSM
IA,BPSR
IA,BRSN
IA,BSI
IA,BSJN
IA,BSJR
IA,BSMI
IA,BSSI
IA,BTCM
IA,BTJI
IA,BTJN
IA,BTSI
IA,BTSN
IA,BTSPI
IA,BTSR
IA,BUBSI
IA,BUJI
IA,BUKI
IA,BUMSI
IA,BUSI
IA,BUSN
IA,BWJI
IA,BYJI
IA,BYJR
IA,BYLI
IA,CASI
IA,CBJI
IA,CBJM
IA,CBJN
IA,CBJR
IA,CCJM
IA,CCJR
IA,CCSR
IA,CEBI
IA,CEMA
IA,CERI
IA,CESA
IA,CGJI
IA,CGJR
IA,CIJI
IA,CIJM
IA,CIKJI
IA,CILA
IA,CILJI
IA,CISI
IA,CLJI
IA,CLJO
IA,CLJR
IA,CMJI
IA,CMJN
IA,CNJI
IA,CNLN
IA,CPJR
IA,CPPU
IA,CSBJI
IA,CSJI
IA,CSJM
IA,CSJR
IA,CTJI
IA,CWJM
IA,DASN
IA,DBJI
IA,DBKI
IA,DBNFM
IA,DBNI
IA,DCJN
IA,DDSI
IA,DEBI
IA,DEMO
IA,DJA
IA,DNP
IA,DNPB
IA,DOCM
IA,DSJR
IA,DSRI
IA,DTJN
IA,DWIKO
IA,DYPI
IA,ECJN
IA,EDFI
IA,EDMPI
IA,EGSI
IA,ELMPI
IA,ERPI
IA,ERPN
IA,ESJR
IA,ESNI
IA,ESSN
IA,FAKI
IA,FKMPM
IA,FKSPI
IA,GARPI
IA,GBJI
IA,GBJO
IA,GBJR
IA,GCJR
IA,GEBBI
IA,GEJI
IA,GENI
IA,GESM
IA,GGJI
IA,GGJM
IA,GGSN
IA,GHMI
IA,GKJM
IA,GLMI
IA,GMCI
IA,GMJI
IA,GPSM
IA,GRJI
IA,GSI
IA,GSNI
IA,GTJI
IA,GTJN
IA,GTOI
IA,GTSI
IA,GUJM
IA,HINSI
IA,HMHN
IA,HSSR
IA,IATSM
IA,IBJN
IA,IBTI
IA,IGBI
IA,IHMI
IA,IHRSI
IA,ILSN
IA,IMSR
IA,ISSR
IA,ITSU
IA,IWPI
IA,JAASI
IA,JABI
IA,JACE
IA,JAGI
IA,JAKO
IA,JAPE
IA,JARU
IA,JASE
IA,JASI
IA,JASN
IA,JATA
IA,JAUI
IA,JAY
IA,JBJI
IA,JBJM
IA,JBJN
IA,JBPI
IA,JCJI
IA,JCJN
IA,JGJSI
IA,JGPI
IA,JHMI
IA,JKE01
IA,JKE02
IA,JKE03
IA,JKE04
IA,JKE05
IA,JKE06
IA,JKT00
IA,JKT02
IA,JKT03
IA,JKT05
IA,JKT07
IA,JKT08
IA,JKT10
IA,JKT11
IA,JKT12
IA,JMBI
IA,JMPI
IA,JMSI
IA,JPJI
IA,JPSI
IA,JPSR
IA,JSBFM
IA,JSJN
IA,JSJR
IA,JSRJI
IA,JTJM
IA,JTJN
IA,JTPU
IA,JUII
IA,JWJM
IA,KABKI
IA,KAKKI
IA,KARPI
IA,KASAI
IA,KASI
IA,KBBI
IA,KBJM
IA,KBJN
IA,KBKI
IA,KBKN
IA,KBSR
IA,KBSSI
IA,KCJN
IA,KCJR
IA,KCSI
IA,KDI
IA,KDRI
IA,KGCM
IA,KHBO
IA,KHK
IA,KHSSI
IA,KIMPI
IA,KJCM
IA,KJJR
IA,KJPJI
IA,KKJM
IA,KKJN
IA,KKJR
IA,KKKI
IA,KKKKI
IA,KKMI
IA,KKSI
IA,KKTKI
IA,KLI
IA,KLJI
IA,KLKI
IA,KLNI
IA,KLSI
IA,KLSM
IA,KMBFM
IA,KMJR
IA,KMMI
IA,KMNI
IA,KMPI
IA,KMRS
IA,KMSI
IA,KNSN
IA,KOMFI
IA,KORPI
IA,KPJI
IA,KPJM
IA,KPSR
IA,KRAI
IA,KRJI
IA,KRK
IA,KRMJI
IA,KRSI
IA,KRSN
IA,KSI
IA,KSJR
IA,KSPJI
IA,KTKN
IA,KTMI
IA,KTSR
IA,KTTI
IA,KUBSI
IA,KUEL
IA,KUGE
IA,KUKI
IA,KULA
IA,KUMA
IA,KUSI
IA,KUSN
IA,KWJI
IA,KWSI
IA,KYJR
IA,LABA
IA,LAPSI
IA,LASI
IA,LATA
IA,LBDSI
IA,LBFI
IA,LBJN
IA,LBMI
IA,LBNFM
IA,LBTSI
IA,LCJN
IA,LCJR
IA,LDSI
IA,LEM
IA,LEMFI
IA,LESM
IA,LFTI
IA,LHMI
IA,LHSI
IA,LHSM
IA,LISM
IA,LJPI
IA,LKCI
IA,LKSM
IA,LKUCM
IA,LLSI
IA,LLSM
IA,LMJSI
IA,LMNI
IA,LMTI
IA,LOCM
IA,LOMSI
IA,LPCM
IA,LPJR
IA,LPSM
IA,LPSR
IA,LRTI
IA,LSCM
IA,LSJR
IA,LSNI
IA,LSSN
IA,LTJN
IA,LTNI
IA,LTNSI
IA,LTSM
IA,LUCM
IA,LUJI
IA,LUWI
IA,LWLI
IA,MABKI
IA,MAKBI
IA,MAKKI
IA,MAKO
IA,MAPI
IA,MASFI
IA,MASI
IA,MASM
IA,MASSI
IA,MBBI
IA,MBJI
IA,MBJN
IA,MBPI
IA,MBRPI
IA,MBSI
IA,MBSM
IA,MBSN
IA,MBSR
IA,MCJN
IA,MDSI
IA,MEBA
IA,MEBW
IA,MEPA
IA,MESA
IA,MGAI
IA,MGJR
IA,MIBPI
IA,MIPI
IA,MISSI
IA,MJNE
IA,MJSI
IA,MKBI
IA,MKJM
IA,MKS
IA,MKSM
IA,MKSR
IA,MLJI
IA,MLJM
IA,MLJN
IA,MLJR
IA,MLMMI
IA,MLSI
IA,MLSN
IA,MMCI
IA,MMPI
IA,MMRI
IA,MMSI
IA,MMSN
IA,MMTN
IA,MNAI
IA,MNI
IA,MNSI
IA,MPSI
IA,MPSM
IA,MRSI
IA,MSAI
IA,MSBA
IA,MSCM
IA,MSHHI
IA,MSSI
IA,MTAI
IA,MTCM
IA,MTJN
IA,MTJPI
IA,MTKI
IA,MTLN
IA,MTMPI
IA,MTMTI
IA,MTNI
IA,MTSI
IA,MTSM
IA,MTSN
IA,MUMUI
IA,MUNJI
IA,MUSN
IA,MUTSI
IA,MWPI
IA,N1PJJ
IA,N2PJJ
IA,N3PJJ
IA,NANFI
IA,NATBJ
IA,NBBBS
IA,NBBI
IA,NBBSS
IA,NBCBJ
IA,NBD01
IA,NBD02
IA,NBD03
IA,NBD04
IA,NBD05
IA,NBD06
IA,NBD07
IA,NBD08
IA,NBD09
IA,NBD10
IA,NBD11
IA,NBD12
IA,NBD13
IA,NBD14
IA,NBD15
IA,NBD16
IA,NBD17
IA,NBD18
IA,NBD19
IA,NBD20
IA,NBD21
IA,NBD98
IA,NBD99
IA,NBDBB
IA,NBE01
IA,NBE02
IA,NBE03
IA,NBE04
IA,NBE05
IA,NBE06
IA,NBE07
IA,NBE08
IA,NBE09
IA,NBE10
IA,NBE11
IA,NBE12
IA,NBG01
IA,NBG02
IA,NBG03
IA,NBG04
IA,NBG05
IA,NBG06
IA,NBG07
IA,NBG08
IA,NBG09
IA,NBG10
IA,NBG11
IA,NBG12
IA,NBG13
IA,NBG14
IA,NBG15
IA,NBG16
IA,NBG98
IA,NBG99
IA,NBI01
IA,NBI02
IA,NBI03
IA,NBI04
IA,NBJR
IA,NBK01
IA,NBK02
IA,NBK03
IA,NBK04
IA,NBK05
IA,NBK06
IA,NBK07
IA,NBK08
IA,NBL01
IA,NBL02
IA,NBL03
IA,NBL04
IA,NBL05
IA,NBL06
IA,NBL07
IA,NBL08
IA,NBL09
IA,NBL10
IA,NBL11
IA,NBL12
IA,NBL13
IA,NBL14
IA,NBL15
IA,NBMBS
IA,NBMI
IA,NBMUS
IA,NBPI
IA,NBRBS
IA,NBSBS
IA,NBSR
IA,NBSTS
IA,NBU01
IA,NBU02
IA,NBU03
IA,NBU04
IA,NBU05
IA,NBU06
IA,NBU07
IA,NBUBS
IA,NBYTJ
IA,NCDTS
IA,NCJ01
IA,NCJ02
IA,NCJ03
IA,NCJ04
IA,NCJ05
IA,NCJ06
IA,NCJ07
IA,NCJ08
IA,NCJ09
IA,NCJ10
IA,NCJ11
IA,NCJ12
IA,NCJ13
IA,NCJ14
IA,NCJ15
IA,NCJ16
IA,NCL01
IA,NCL02
IA,NCL03
IA,NCL04
IA,NDN01
IA,NDN02
IA,NDN03
IA,NDN04
IA,NDN05
IA,NDN06
IA,NDN07
IA,NDN08
IA,NDN09
IA,NDN10
IA,NDN11
IA,NDP01
IA,NDP02
IA,NDP03
IA,NDP04
IA,NDP05
IA,NEKI
IA,NGBAS
IA,NGBBJ
IA,NGBBS
IA,NGBTJ
IA,NGGSS
IA,NGGUN
IA,NGI01
IA,NGI02
IA,NGI03
IA,NGI04
IA,NGI05
IA,NGJI
IA,NGKNT
IA,NGKTJ
IA,NGLLS
IA,NGPBS
IA,NGPTS
IA,NGSBB
IA,NGTAS
IA,NGTBJ
IA,NGTTJ
IA,NGYTJ
IA,NIBI
IA,NJB01
IA,NJB02
IA,NJB03
IA,NJB04
IA,NJBM
IA,NJLSI
IA,NJM01
IA,NJM02
IA,NJM03
IA,NJM04
IA,NJM05
IA,NJP01
IA,NJP02
IA,NJP03
IA,NJP04
IA,NJP05
IA,NJP06
IA,NJP07
IA,NJP99
IA,NJS01
IA,NJS02
IA,NJS03
IA,NJS04
IA,NJS05
IA,NJS06
IA,NJS07
IA,NJS08
IA,NJS09
IA,NJS10
IA,NJS11
IA,NJT01
IA,NJT02
IA,NJT03
IA,NJT04
IA,NJT05
IA,NJT06
IA,NJT07
IA,NJT08
IA,NJT09
IA,NJT10
IA,NJT11
IA,NJU01
IA,NJU02
IA,NJU03
IA,NJU04
IA,NJU05
IA,NJU06
IA,NJU07
IA,NKA01
IA,NKA02
IA,NKA03
IA,NKA04
IA,NKA05
IA,NKA06
IA,NKBBJ
IA,NKBI
IA,NKKI
IA,NKKNL
IA,NKL01
IA,NKL02
IA,NKL03
IA,NKLLS
IA,NKLSI
IA,NKP01
IA,NKP02
IA,NKP03
IA,NKP04
IA,NKP05
IA,NKP06
IA,NKP07
IA,NKP08
IA,NKP09
IA,NKP10
IA,NKPBS
IA,NKPTK
IA,NKPTS
IA,NKR01
IA,NKR02
IA,NKR03
IA,NKR04
IA,NKR05
IA,NKR06
IA,NKR07
IA,NKR08
IA,NKR09
IA,NKSTJ
IA,NKSUS
IA,NLAI
IA,NLB01
IA,NLB02
IA,NLB03
IA,NLB04
IA,NLB05
IA,NLB06
IA,NLB07
IA,NLB08
IA,NLB09
IA,NLB10
IA,NLB11
IA,NLB12
IA,NLB13
IA,NLB14
IA,NLB15
IA,NMBBJ
IA,NMBTJ
IA,NMCTJ
IA,NMD01
IA,NMD02
IA,NMD03
IA,NMD04
IA,NMD05
IA,NMD06
IA,NMD07
IA,NMD08
IA,NMD09
IA,NMD10
IA,NMD11
IA,NMD12
IA,NMD13
IA,NMD14
IA,NMD15
IA,NMJTJ
IA,NMPBS
IA,NMPTS
IA,NMSBJ
IA,NMSTJ
IA,NMT01
IA,NMT02
IA,NMT03
IA,NMT04
IA,NMT05
IA,NMT06
IA,NMT07
IA,NMT08
IA,NMT09
IA,NMT10
IA,NMTBJ
IA,NNKI
IA,NOBBJ
IA,NOKBB
IA,NOLLS
IA,NOPBJ
IA,NPD01
IA,NPD02
IA,NPD03
IA,NPD04
IA,NPD05
IA,NPD06
IA,NPD07
IA,NPD08
IA,NPD09
IA,NPD10
IA,NPD11
IA,NPD12
IA,NPD13
IA,NPD14
IA,NPD15
IA,NPG01
IA,NPG02
IA,NPG03
IA,NPG04
IA,NPG05
IA,NPG06
IA,NPG07
IA,NPG08
IA,NPL01
IA,NPL02
IA,NPL03
IA,NPL04
IA,NPL05
IA,NPL06
IA,NPL07
IA,NPL08
IA,NPL09
IA,NPL10
IA,NPSTS
IA,NPW01
IA,NPW02
IA,NPW03
IA,NSB01
IA,NSB02
IA,NSB03
IA,NSB04
IA,NSB05
IA,NSB06
IA,NSB07
IA,NSB08
IA,NSB09
IA,NSB10
IA,NSB11
IA,NSB12
IA,NSB13
IA,NSB14
IA,NSB15
IA,NSBMM
IA,NSK01
IA,NSK02
IA,NSK03
IA,NSK04
IA,NSK05
IA,NSK06
IA,NSK07
IA,NSK08
IA,NSK09
IA,NSK10
IA,NSK11
IA,NSK12
IA,NSK13
IA,NSK99
IA,NSM01
IA,NSM02
IA,NSM03
IA,NSM04
IA,NSM05
IA,NSM06
IA,NSM07
IA,NSM08
IA,NSM09
IA,NSM10
IA,NSR01
IA,NSR02
IA,NSR03
IA,NSR04
IA,NSR05
IA,NSR06
IA,NSR99
IA,NSU01
IA,NSU02
IA,NSU03
IA,NSU04
IA,NSU05
IA,NSU06
IA,NTB01
IA,NTB02
IA,NTB03
IA,NTB04
IA,NTB05
IA,NTB06
IA,NTB07
IA,NTG01
IA,NTG02
IA,NTG03
IA,NTG04
IA,NTG05
IA,NTG06
IA,NTG07
IA,NTG08
IA,NTG09
IA,NTG10
IA,NTG99
IA,NTJN
IA,NTS01
IA,NTS02
IA,NTS03
IA,NTS04
IA,NTS05
IA,NTS06
IA,NTS99
IA,NTYTJ
IA,NUBBS
IA,NYO01
IA,NYO02
IA,NYO03
IA,NYO04
IA,NYO05
IA,NYO06
IA,NYO07
IA,NYO08
IA,NYO09
IA,NYO10
IA,NYO99
IA,OBMI
IA,OBMPI
IA,OMBFM
IA,ONSM
IA,OSSN
IA,OTJN
IA,OUSN
IA,PAASI
IA,PABA
IA,PABI
IA,PABKI
IA,PACJI
IA,PAFM
IA,PAGA
IA,PAKE
IA,PAKI
IA,PAMI
IA,PANJI
IA,PAPA
IA,PASC
IA,PASI
IA,PASJI
IA,PASMI
IA,PASN
IA,PASSI
IA,PATU
IA,PBCI
IA,PBJI
IA,PBJR
IA,PBKI
IA,PBKN
IA,PBLI
IA,PBMMI
IA,PBMSI
IA,PBNI
IA,PBSI
IA,PBSN
IA,PCI
IA,PCJI
IA,PCJM
IA,PCJN
IA,PCJR
IA,PDGB
IA,PDLI
IA,PDSI
IA,PESI
IA,PGASI
IA,PGJM
IA,PGJR
IA,PICM
IA,PJJR
IA,PKCI
IA,PKJI
IA,PKJM
IA,PKKI
IA,PKSI
IA,PKYI
IA,PLAI
IA,PLJI
IA,PLKI
IA,PLSI
IA,PLSM
IA,PMBI
IA,PMCI
IA,PMMI
IA,PMSI
IA,PMTSI
IA,POBSI
IA,POCI
IA,POJN
IA,POKJI
IA,POPJI
IA,PPBI
IA,PPCM
IA,PPI
IA,PPJI
IA,PPJR
IA,PPLI
IA,PPSI
IA,PPSM
IA,PPSN
IA,PRJI
IA,PRLJI
IA,PRSI
IA,PRSN
IA,PSASI
IA,PSI
IA,PSJCM
IA,PSJM
IA,PSLI
IA,PSLIB
IA,PSSI
IA,PSSM
IA,PSSN
IA,PSSR
IA,PTJI
IA,PTJN
IA,PTKI
IA,PTSM
IA,PTSN
IA,PTSR
IA,PUPSI
IA,PUSI
IA,PUSIB
IA,PUSN
IA,PWCM
IA,PWJI
IA,PWTMI
IA,RAPI
IA,RASM
IA,RBSI
IA,RDCM
IA,RGRI
IA,RHRSI
IA,RITA
IA,RKCM
IA,RKPI
IA,RLBSI
IA,RLSI
IA,RLSR
IA,RMNI
IA,RMNN
IA,RMSM
IA,RNFM
IA,RONI
IA,ROTTI
IA,RPSI
IA,RPSR
IA,RRHRI
IA,RRSI
IA,RSJR
IA,RSMSI
IA,RSNI
IA,RSSM
IA,RTBI
IA,RTJN
IA,SAASI
IA,SADLY
IA,SAKJI
IA,SAMI
IA,SAMKI
IA,SANI
IA,SAPSI
IA,SASI
IA,SASM
IA,SASN
IA,SASR
IA,SATPI
IA,SAUI
IA,SBBM
IA,SBJI
IA,SBJM
IA,SBNI
IA,SBSI
IA,SBSM
IA,SBSSI
IA,SCJI
IA,SCJM
IA,SCJN
IA,SCJR
IA,SDCI
IA,SDSI
IA,SDSM
IA,SEJI
IA,SEJM
IA,SEKI
IA,SEMA
IA,SEME
IA,SEMI
IA,SGKI
IA,SGRJI
IA,SGSI
IA,SI002
IA,SI044
IA,SICJI
IA,SIJI
IA,SIJM
IA,SIRSI
IA,SISI
IA,SISM
IA,SISMI
IA,SIUMI
IA,SJPM
IA,SKJI
IA,SKJIB
IA,SKJR
IA,SKKN
IA,SKPM
IA,SKSI
IA,SKSM
IA,SKSN
IA,SLBFM
IA,SLMI
IA,SLPI
IA,SLSI
IA,SLSM
IA,SLSN
IA,SMKI
IA,SMPI
IA,SMRI
IA,SMSI
IA,SMSM
IA,SMSR
IA,SNBI
IA,SNFN
IA,SNJI
IA,SNSI
IA,SOEI
IA,SOMPI
IA,SP01
IA,SP02
IA,SP03
IA,SP04
IA,SP05
IA,SP06
IA,SP07
IA,SP08
IA,SP09
IA,SP10
IA,SP11
IA,SP12
IA,SP13
IA,SP14
IA,SP15
IA,SP16
IA,SP17
IA,SP18
IA,SP19
IA,SP20
IA,SP21
IA,SP22
IA,SP23
IA,SP24
IA,SP25
IA,SPJN
IA,SPJR
IA,SPSI
IA,SPSJM
IA,SPSM
IA,SRBI
IA,SRMI
IA,SRPI
IA,SRSI
IA,SSASI
IA,SSJM
IA,SSJR
IA,SSKI
IA,SSMI
IA,SSSI
IA,SSSM
IA,SSSN
IA,SSSR
IA,STJN
IA,STKI
IA,STPI
IA,STSI
IA,STSR
IA,SUBA
IA,SUBE
IA,SUGO
IA,SUHA
IA,SUJU
IA,SUPA
IA,SUPJI
IA,SUSM
IA,SUSN
IA,SUSPI
IA,SUUN
IA,SWCM
IA,SWI
IA,SWJI
IA,SWPM
IA,SYJI
IA,TAGJI
IA,TAJN
IA,TAMI
IA,TAPSI
IA,TARAI
IA,TASE
IA,TASI
IA,TASN
IA,TASSI
IA,TBCM
IA,TBJI
IA,TBJKI
IA,TBKI
IA,TBMCM
IA,TBMUI
IA,TCSN
IA,TDNI
IA,TDSR
IA,TEBBI
IA,TGCM
IA,TGJI
IA,TIKSI
IA,TIPSI
IA,TJTI
IA,TKJN
IA,TKMN
IA,TKSM
IA,TKSN
IA,TKUN
IA,TLCM
IA,TLE
IA,TLE2
IA,TMPI
IA,TMSI
IA,TMSM
IA,TMTMM
IA,TMTN
IA,TMUN
IA,TNG
IA,TNGI
IA,TNLN
IA,TNSJI
IA,TNSR
IA,TNTI
IA,TNTN
IA,TOBSI
IA,TOCM
IA,TOJI
IA,TOLI2
IA,TOTSI
IA,TPCI
IA,TPI
IA,TPJR
IA,TPRI
IA,TPSI
IA,TPTI
IA,TRES
IA,TRIYO
IA,TRPI
IA,TRSI
IA,TSBJI
IA,TSI
IA,TSJM
IA,TSJN
IA,TSJR
IA,TSNI
IA,TSPI
IA,TTBR
IA,TTJN
IA,TTPSI
IA,TTSI
IA,TTSM
IA,TTSMI
IA,TUBJI
IA,TUJI
IA,TUKN
IA,TWSI
IA,UASN
IA,UBSI
IA,UCJN
IA,UGM
IA,UGMN
IA,UIDB
IA,UIDS
IA,UKCM
IA,ULMSI
IA,ULSM
IA,UMKSI
IA,UMSR
IA,UMSSI
IA,UNSO
IA,UPBT1
IA,UPBT2
IA,USFM
IA,USTI
IA,UTSI
IA,UTSM
IA,UTUSI
IA,UWJI
IA,UWNPI
IA,WAMI
IA,WANPI
IA,WBMI
IA,WBNI
IA,WBSI
IA,WEFM
IA,WFTFM
IA,WGJM
IA,WGJR
IA,WGNI
IA,WHMI
IA,WKCM
IA,WLFM
IA,WLJI
IA,WLPU
IA,WLTFM
IA,WMCM
IA,WOJI
IA,WRJI
IA,WSHHI
IA,WSI
IA,WSJM
IA,WSTMM
IA,WTKSI
IA,WUPCM
IA,WWCI
IA,WWPI
IA,YBYPI
IA,YLJR
IA,YOGI
IA,YOGI2
IA,ZALN
